1001,1,Car 1,6.28,97.933,N/A
1001,1,Car 2,108.367,66.7,N/A
1001,1,Breakage 3,178.367,76.033,failed attempt to repair
1001,1,Car 4,260.933,68.9,N/A
1001,1,Car 5,333.467,60.9,N/A
1001,1,Car 6,397.333,66.933,N/A
1001,1,Defect 7,467.867,27.333,prebuilt missing piece
1001,1,Car 8,498.4,53.7,corrected
1001,1,Car 9,556.067,47.833,finishes at the buzzer
1001,2,Car 1,6.2,61.2,N/A
1001,2,Car 2,70.5,54.167,N/A
1001,2,Car 3,127.633,66.633,N/A
1001,2,Car 4,199.533,57.5,N/A
1003,1,Car 1,8.033,113.633,front crossmember breakage corrected
1003,1,Car 2,126.633,87.733,N/A
1003,1,Car 3,221.033,110.1,N/A
1003,1,Car 4,337.3,98.133,N/A
1003,1,Car 5,440.633,103.433,N/A
1003,1,Incomplete 6,548.8,56.733,added second hinge piece after time elapsed
1003,2,Car 1,10.833,86.167,N/A
1003,2,PWI 1,86.7,6.3,N/A
1003,2,PWI 2,94.767,0.633,N/A
1003,2,Car 2,102.8,69.4,N/A
1003,2,Car 3,176.967,68.367,N/A
1003,2,Car 4,249.233,65.933,N/A
1005,1,Car 1,6.1,191.5,N/A
1005,1,Car 2,253.233,174.567,crash occurred after placing car on worksurface but before starting; clean start after system reset
1005,1,Car 3,439.467,155.233,finished just before the buzzer; no time to start next car
1005,1,Incomplete 4,598.733,10.533,no progress; UI dropped and time ran out
1005,2,Car 1,4.867,198.767,N/A
1005,2,PWI 1,6.667,4.813,N/A
1005,2,PWI 2,16.1,1.313,N/A
1005,2,PWI 3,18.767,1.967,N/A
1005,2,PWI 4,23.167,0.7,N/A
1005,2,PWI 5,26.633,4.6,N/A
1005,2,PWI 6,37.233,2.646,N/A
1005,2,PWI 7,43.933,1.033,N/A
1005,2,PWI 8,51.767,1.967,N/A
1005,2,PWI 9,56.0,18.933,N/A
1005,2,PWI 10,85.267,5.867,N/A
1005,2,PWI 11,94.4,5.4,N/A
1005,2,PWI 12,103.8,3.867,N/A
1005,2,PWI 13,110.567,2.967,N/A
1005,2,PWI 14,115.5,1.833,N/A
1005,2,PWI 15,120.967,2.0,N/A
1005,2,PWI 16,148.667,2.0,N/A
1005,2,PWI 17,160.0,2.4,N/A
1005,2,PWI 18,177.633,3.5,N/A
1005,2,PWI 19,208.167,2.2,N/A
1005,2,Car 2,209.467,150.367,N/A
1005,2,PWI 20,211.9,8.733,N/A
1005,2,PWI 21,226.3,0.967,N/A
1005,2,PWI 22,231.733,1.433,N/A
1005,2,PWI 23,235.267,1.3,N/A
1005,2,PWI 24,241.9,6.2,N/A
1005,2,PWI 25,254.267,2.033,N/A
1005,2,PWI 26,264.133,4.433,N/A
1005,2,PWI 27,270.667,2.967,N/A
1005,2,PWI 28,285.967,3.2,N/A
1005,2,PWI 29,291.3,1.067,N/A
1005,2,PWI 30,307.5,0.533,N/A
1005,2,PWI 31,321.3,7.033,N/A
1005,2,Car 3,364.7,107.267,N/A
1005,2,PWI 32,365.467,2.467,N/A
1005,2,PWI 33,372.2,1.667,N/A
1005,2,PWI 34,377.767,1.767,N/A
1005,2,PWI 35,384.733,2.6,N/A
1005,2,PWI 36,409.9,6.4,N/A
1005,2,PWI 37,422.467,3.867,N/A
1005,2,PWI 38,434.2,0.8,N/A
1005,2,Car 4,477.7,97.833,N/A
1005,2,PWI 39,478.067,4.067,N/A
1005,2,PWI 40,546.5,9.967,N/A
1005,2,PWI 41,561.5,1.9,N/A
1006,1,Car 1,12.033,228.633,N/A
1006,1,Car 2,266.7,148.867,N/A
1006,1,Video 1,403.667,5.9,HL recording issue; no interruption to work
1006,1,Car 3,439.567,130.433,N/A
1006,1,Incomplete 4,582.867,23.933,just started when time ran out
1006,2,Car 1,6.267,118.6,N/A
1006,2,Car 2,130.767,102.1,N/A
1006,2,Car 3,237.733,105.2,N/A
1006,2,Car 4,348.167,103.067,N/A
1007,1,Car 1,9.2,188.367,N/A
1007,1,Car 2,228.233,137.333,N/A
1007,1,Video 1,364.267,1.667,Side video interrupted for about 2 seconds
1007,1,Car 3,383.567,128.833,N/A
1007,1,Incomplete 4,523.167,83.6,time expired
1007,1,Video 2,550.433,56.3,HL video truncated
1007,2,Car 1,6.333,108.267,N/A
1007,2,PWI 1,6.733,0.733,N/A
1007,2,PWI 2,10.9,0.333,N/A
1007,2,PWI 3,12.733,1.1,N/A
1007,2,PWI 4,17.3,0.8,N/A
1007,2,PWI 5,22.9,8.2,N/A
1007,2,PWI 6,38.4,0.767,N/A
1007,2,PWI 7,50.567,2.267,N/A
1007,2,PWI 8,54.833,1.733,N/A
1007,2,PWI 9,65.667,1.667,N/A
1007,2,PWI 10,79.5,0.767,N/A
1007,2,PWI 11,82.7,3.167,N/A
1007,2,PWI 12,91.833,1.333,N/A
1007,2,PWI 13,94.7,3.2,N/A
1007,2,PWI 14,109.867,2.8,N/A
1007,2,Car 2,118.467,83.533,N/A
1007,2,PWI 15,124.0,1.0,N/A
1007,2,PWI 16,154.667,0.967,N/A
1007,2,PWI 17,157.8,1.4,N/A
1007,2,PWI 18,178.767,2.533,N/A
1007,2,PWI 19,196.633,3.767,N/A
1007,2,Car 3,206.333,67.0,N/A
1007,2,Car 4,278.433,84.233,N/A
1007,2,PWI 20,280.033,0.367,N/A
1007,2,PWI 21,286.433,0.867,N/A
1007,2,PWI 22,300.433,1.4,N/A
1007,2,PWI 23,347.1,1.733,N/A
1008,1,Car 1,16.333,101.533,N/A
1008,1,Car 2,124.133,87.9,N/A
1008,1,Car 3,217.567,83.333,N/A
1008,1,Car 4,305.233,70.667,N/A
1008,1,Car 5,380.3,68.433,N/A
1008,1,Car 6,456.2,67.467,N/A
1008,1,Car 7,527.767,75.5,N/A
1008,1,Incomplete 8,605.967,6.8,finished previous car just before time expired
1008,2,Car 1,6.433,65.933,N/A
1008,2,PWI 1,67.667,3.567,N/A
1008,2,Car 2,76.167,74.833,N/A
1008,2,Car 3,155.567,62.733,N/A
1008,2,Car 4,222.467,52.7,N/A
1009,1,Car 1,13.5,209.233,N/A
1009,1,Car 2,228.1,130.1,N/A
1009,1,Car 3,363.767,118.633,N/A
1009,1,Car 4,487.167,120.533,finished just before time expired; did not start car 5
1009,2,Car 1,11.4,119.833,N/A
1009,2,Car 2,135.533,118.4,N/A
1009,2,Car 3,259.4,95.767,N/A
1009,2,Car 4,359.5,94.8,N/A
1010,1,Car 1,6.1,87.7,N/A
1010,1,Car 2,98.1,101.767,N/A
1010,1,Car 3,206.5,105.5,N/A
1010,1,Car 3,315.833,113.667,N/A
1010,1,Car 4,434.367,120.067,N/A
1010,1,Incomplete 5,558.6,42.413,time out
1010,2,Car 1,7.133,124.467,N/A
1010,2,PWI 1,65.333,0.867,N/A
1010,2,PWI 2,68.067,0.933,N/A
1010,2,PWI 3,71.933,2.533,N/A
1010,2,PWI 4,81.0,0.333,N/A
1010,2,PWI 5,83.6,1.133,N/A
1010,2,PWI 6,86.6,2.5,N/A
1010,2,PWI 7,93.567,0.567,N/A
1010,2,PWI 8,95.733,2.8,N/A
1010,2,PWI 9,101.833,1.367,N/A
1010,2,PWI 10,104.367,0.967,N/A
1010,2,PWI 11,107.467,6.546,N/A
1010,2,PWi 12,117.2,3.467,N/A
1010,2,PWI 13,126.8,1.9,N/A
1010,2,Car 2,135.167,95.733,N/A
1010,2,PWI 14,140.1,1.7,N/A
1010,2,PWI 15,192.6,0.8,N/A
1010,2,PWI 16,198.8,2.667,N/A
1010,2,PWI 17,203.4,0.833,N/A
1010,2,PWI 18,213.767,1.267,N/A
1010,2,PWI 19,217.6,0.6,N/A
1010,2,PWI 20,223.033,1.1,N/A
1010,2,PWI 21,226.933,1.433,N/A
1010,2,Car 3,234.367,52.533,N/A
1010,2,Car 4,290.833,53.533,N/A
1011,1,Car 1,22.667,209.167,significant breakage but completed the car
1011,1,Repair 1,144.767,29.7,should have placed it in the red bin
1011,1,Car 2,243.567,159.167,N/A
1011,1,Car 3,408.6,158.567,another significant breakage; should be rework
1011,1,Repair 2,485.233,44.333,another significant break that should have retired the car
1011,1,Incomplete 4,581.9,24.3,time expired after first piece installed
1011,2,Car 1,11.533,222.233,N/A
1011,2,PWI 1,104.4,11.833,confused about which PWI to read (before we started flipping other model)
1011,2,PWI 2,117.533,5.433,still confused
1011,2,PWI 3,127.4,9.833,instructed him on the correct PWI
1011,2,PWI 4,140.1,6.633,N/A
1011,2,PWI 5,153.367,8.233,triple take
1011,2,PWI 6a,164.667,3.033,N/A
1011,2,PWI 6b,170.033,2.667,N/A
1011,2,PWI 6c,174.1,1.4,N/A
1011,2,PWI 6d,176.767,1.646,N/A
1011,2,PWI 7,182.833,12.867,N/A
1011,2,PWI 8,200.567,1.333,N/A
1011,2,PWI 9,207.333,2.633,N/A
1011,2,PWI 10,217.567,0.5,N/A
1011,2,PWI 11,223.033,1.0,N/A
1011,2,PWI 12,225.167,3.933,N/A
1011,2,PWI 13,241.967,1.6,N/A
1011,2,Car 2,242.233,111.767,N/A
1011,2,PWI 14,245.0,1.633,N/A
1011,2,PWI 15,247.8,0.9,N/A
1011,2,PWI 16,249.7,1.8,N/A
1011,2,PWI 17,253.833,1.6,N/A
1011,2,PWI 18,279.667,1.167,N/A
1011,2,PWI 19,283.167,1.067,N/A
1011,2,PWI 20,286.167,1.867,N/A
1011,2,PWI 21,291.567,0.6,N/A
1011,2,PWI 22,315.433,0.667,N/A
1011,2,PWI 23,325.4,1.2,N/A
1011,2,Car 3,360.333,88.533,N/A
1011,2,PWI 24,361.367,0.5,N/A
1011,2,PWI 25,363.3,0.6,N/A
1011,2,PWI 26,365.1,0.6,N/A
1011,2,PWI 27,366.9,0.667,N/A
1011,2,PWI 28,396.733,0.433,N/A
1011,2,PWI 29,400.4,1.833,N/A
1011,2,PWI 30,405.167,1.2,N/A
1011,2,Car 4,453.533,88.133,N/A
1011,2,PWI 31,461.567,0.667,N/A
1011,2,PWI 32,487.233,0.467,N/A
1011,2,PWI 33,491.633,1.0,N/A
1011,2,PWI 34,538.4,0.8,N/A
1012,1,Car 1,8.433,214.433,N/A
1012,1,Car 2,237.867,153.967,N/A
1012,1,Car 3,400.667,149.067,N/A
1012,1,Incomplete 4,564.767,39.246,time expired
1012,2,Car 1,4.167,60.3,N/A
1012,2,PWI 1,58.833,4.5,at the end of car 1
1012,2,Car 2,66.9,62.667,N/A
1012,2,PWI 2,123.3,4.333,for car 2
1012,2,Car 3,132.0,56.2,N/A
1012,2,Car 4,191.0,49.4,N/A
1012,2,PWI 3,237.167,1.0,after car 4 (none for car 3)
1013,1,Breakage 1,5.633,77.433,did not see the issue occur
1013,1,Car 1,89.9,91.933,N/A
1013,1,Car 2,186.3,69.133,N/A
1013,1,Car 3,258.833,63.3,N/A
1013,1,Car 4,325.767,66.767,N/A
1013,1,Car 5,398.067,64.9,N/A
1013,1,Car 6,467.567,61.4,N/A
1013,1,Car 7,532.967,60.9,N/A
1013,1,Incomplete 8,596.833,6.3,time expired
1013,2,Car 1,6.1,61.133,N/A
1013,2,Car 2,70.533,56.133,N/A
1013,2,Car 3,130.9,60.067,N/A
1013,2,Car 4,194.667,60.267,N/A
1014,1,Car 1,1.933,188.7,N/A
1014,1,Breakage 1,119.467,11.6,corrected front cross member
1014,1,Car 2,196.967,150.233,N/A
1014,1,Car 3,353.8,129.633,N/A
1014,1,Car 4,487.067,116.8,completed as time expired
1014,2,Defect 1,12.867,39.767,parts already installed on pre-built car
1014,2,Car 2,61.433,80.0,N/A
1014,2,Car 3,144.967,77.2,N/A
1014,2,Car 4,226.033,67.633,N/A
1014,2,Car 5,296.967,61.8,N/A
1015,1,Car 1,7.233,239.2,N/A
1015,1,Car 2,256.2,122.9,N/A
1015,1,Car 3,385.867,112.467,N/A
1015,1,Incomplete 4,506.4,96.2,last part installed just after time expired
1015,2,Car 1,2.933,120.133,used removal tool
1015,2,PWI 1,26.7,1.767,N/A
1015,2,PWI 2,44.367,1.367,N/A
1015,2,PWI 3,49.3,1.267,N/A
1015,2,PWI 4,60.967,2.133,N/A
1015,2,PWI 5,66.1,2.1,N/A
1015,2,Car 2,125.867,72.233,N/A
1015,2,PWI 6,197.733,0.633,N/A
1015,2,Car 3,201.067,63.667,N/A
1015,2,Car 4,267.733,71.5,N/A
1015,2,PWI 7,311.567,0.8,N/A
1016,1,Breakage 1,8.2,59.267,front cross member not repairable
1016,1,Car 2,71.967,83.367,N/A
1016,1,Car 3,159.8,63.333,N/A
1016,1,Car 4,227.2,38.3,N/A
1016,1,Car 5,268.867,38.833,N/A
1016,1,Car 6,312.667,36.233,N/A
1016,1,Car 7,352.267,37.7,N/A
1016,1,Car 8,394.0,47.567,N/A
1016,1,Car 9,445.333,46.567,N/A
1016,1,Car 10,495.267,43.133,N/A
1016,1,Car 11,540.867,48.433,N/A
1016,1,Incomplete 12,593.267,10.6,"time expired, last part counts"
1016,2,Car 1,5.8,76.4,participant recognized his mistake from learn phase (skipping 3rd step) sometime between end of that and start of the recall phase; correctly builds the full car
1016,2,Car 2,87.167,60.2,N/A
1016,2,Car 3,151.833,70.367,N/A
1016,2,Car 4,225.633,47.633,N/A
1017,1,Car 1,13.467,102.833,N/A
1017,1,Car 2,121.867,77.967,N/A
1017,1,Car 3,204.6,53.4,N/A
1017,1,Car 4,262.033,61.867,N/A
1017,1,Car 5,328.567,64.567,N/A
1017,1,Car 6,397.733,71.833,N/A
1017,1,Car 7,474.567,59.767,N/A
1017,1,Car 8,539.133,57.267,N/A
1017,1,Incomplete 9,601.3,8.267,time expired early in build
1017,2,Car 1,5.333,60.733,N/A
1017,2,Car 2,69.9,55.633,N/A
1017,2,Car 3,132.0,65.8,N/A
1017,2,Car 4,201.733,62.133,N/A
1018,1,Car 1,7.767,151.933,no model tracking or holograms
1018,1,Tracking,183.233,20.833,failed attempt to acquire tracking for Car 2
1018,1,Car 2,204.0,197.4,poor tracking
1018,1,Tracking,224.1,26.967,attempting to improve tracking on Car 2 without success
1018,1,Drop,277.567,8.433,ui dropped during car 2
1018,1,Tracking,433.0,24.533,attempting to initialize tracking for car 3; starts but is offset
1018,1,Car 3,444.467,127.167,N/A
1018,1,Drop,552.6,5.733,ui drop during car 3
1018,1,Incomplete 4,580.8,22.3,never got started; trying to reset model tracking when time expired
1018,2,Car 1,4.967,78.433,N/A
1018,2,PWI 1,50.933,1.467,N/A
1018,2,Car 2,88.133,67.467,N/A
1018,2,Car 3,159.9,66.7,N/A
1018,2,Car 4,230.6,60.433,N/A
1019,1,Car 1,7.3,85.6,N/A
1019,1,Car 2,100.333,76.8,N/A
1019,1,Car 3,185.233,62.133,N/A
1019,1,Car 4,253.233,71.967,N/A
1019,1,Car 5,332.233,73.167,N/A
1019,1,Car 6,410.333,101.533,N/A
1019,1,Car 7,517.4,75.333,time expired before next car could be placed
1019,2,Car 1,7.467,61.7,N/A
1019,2,Car 2,73.933,61.167,N/A
1019,2,Car 3,139.7,58.833,N/A
1019,2,Car 4,203.433,66.6,N/A
1020,1,Car 1,8.3,122.933,N/A
1020,1,Car 2,140.067,117.5,N/A
1020,1,Car 3,265.533,84.867,N/A
1020,1,Car 4,356.067,87.067,N/A
1020,1,Car 5,451.067,83.133,N/A
1020,1,Incomplete 6,541.7,60.7,N/A
1020,2,Car 1,12.967,72.533,N/A
1020,2,Car 2,91.067,81.1,N/A
1020,2,Car 3,176.367,64.533,N/A
1020,2,Car 4,245.367,70.5,N/A
1021,1,Car 1,4.867,118.767,N/A
1021,1,Car 2,130.567,101.9,N/A
1021,1,Car 3,239.733,84.7,N/A
1021,1,Car 4,331.7,86.367,view obscured by HL menu about 20% of the build; corrected before C5
1021,1,System,418.0,24.2,dismissing HL interface between C4 and C5; stopped timer after this to reduce impact of correction on time available during the trial; no impact on car times except as noted in System marker
1021,1,System,454.7,11.467,added some time back to trial by delaying restart of timer by this duration
1021,1,Car 5,454.733,80.867,N/A
1021,1,Car 6,543.267,79.733,participant did not attempt to start next car before time expired
1021,2,Car 1,5.933,91.1,N/A
1021,2,PWI 1,9.833,0.833,N/A
1021,2,PWI 2,15.933,4.333,N/A
1021,2,PWI 3,55.8,2.333,N/A
1021,2,PWI 4,68.4,0.533,N/A
1021,2,PWI 5,88.0,0.467,N/A
1021,2,PWI 6,89.8,0.933,N/A
1021,2,Car 2,102.067,72.7,N/A
1021,2,PWI 7,106.667,2.867,N/A
1021,2,PWI 8,173.367,0.467,N/A
1021,2,Car 3,180.133,61.067,N/A
1021,2,Car 4,245.4,60.5,N/A
1021,2,PWI 9,302.1,2.133,N/A
1022,1,Car 1,9.533,258.9,N/A
1022,1,Drop 1,48.1,2.5,N/A
1022,1,Drop 2,128.9,6.167,N/A
1022,1,Drop 3,170.3,10.1,N/A
1022,1,Drop 4,260.233,3.967,N/A
1022,1,Car 2,278.833,159.467,N/A
1022,1,Drop 5,308.5,8.7,N/A
1022,1,Drop 6,424.7,10.233,N/A
1022,1,Car 3,445.733,117.4,N/A
1022,1,Drop 7,467.433,7.5,N/A
1022,1,Drop 8,505.433,11.4,N/A
1022,1,Drop 9,549.9,10.1,N/A
1022,1,Incomplete 4,572.6,30.7,time expired
1022,1,Drop 10,601.833,1.433,ui was dropped when time expired
1022,2,Car 1,6.133,117.5,N/A
1022,2,PWI 1,47.967,2.6,N/A
1022,2,PWI 2,64.733,1.233,N/A
1022,2,PWI 3,122.1,0.4,N/A
1022,2,Car 2,126.5,75.733,N/A
1022,2,Car 3,204.933,71.533,N/A
1022,2,Car 4,280.0,73.333,N/A
1023,1,Car 1,6.867,165.633,N/A
1023,1,Car 2,177.067,112.5,N/A
1023,1,Car 3,295.7,99.167,N/A
1023,1,Car 4,399.033,87.933,N/A
1023,1,Car 5,490.067,102.267,N/A
1023,1,Incomplete 6,598.467,2.567,started car just before time expired
1023,2,Car 1,4.667,95.467,N/A
1023,2,Car 2,104.3,90.867,N/A
1023,2,Car 3,198.6,82.833,N/A
1023,2,Car 4,285.067,84.767,N/A
1024,1,Car 1,5.667,105.4,N/A
1024,1,Car 2,117.233,62.533,N/A
1024,1,Car 3,184.733,68.1,N/A
1024,1,Car 4,256.667,59.567,N/A
1024,1,Car 5,320.367,52.267,N/A
1024,1,Car 6,376.433,52.8,N/A
1024,1,Car 7,433.233,65.033,N/A
1024,1,Car 8,502.6,56.033,N/A
1024,1,Incomplete 9,562.3,42.3,time expired
1024,2,Car 1,3.933,55.433,N/A
1024,2,Car 2,61.333,67.2,N/A
1024,2,Car 3,131.3,51.333,N/A
1024,2,Car 4,184.9,53.967,N/A
1025,1,Car 1,15.533,197.9,N/A
1025,1,Car 2,221.733,173.633,N/A
1025,1,Car 3,402.833,131.333,N/A
1025,1,Incomplete 4,542.867,59.667,time expired
1025,2,Car 1,13.967,104.733,N/A
1025,2,PWI 1,23.0,2.8,N/A
1025,2,PWI 2,31.2,0.7,N/A
1025,2,PWI 3,33.4,5.467,N/A
1025,2,PWI 4,58.3,0.767,N/A
1025,2,PWI 5,60.433,0.733,N/A
1025,2,PWI 6,67.667,0.433,N/A
1025,2,PWI 7,69.8,0.533,N/A
1025,2,PWI 8,73.2,0.667,N/A
1025,2,PWI 9,91.2,3.667,N/A
1025,2,PWI 10,101.333,0.4,N/A
1025,2,Car 2,124.067,82.567,N/A
1025,2,Car 3,211.167,96.267,N/A
1025,2,PWI 11,233.6,1.0,N/A
1025,2,Car 4,311.5,87.0,N/A
1026,1,Car 1,10.367,203.667,N/A
1026,1,Drop,81.133,5.067,area tracking signal indicates failure
1026,1,Drop,219.533,15.467,extended UI drop between C1 and C2 before crash
1026,1,Crash,235.0,10.567,time lost to crash before pausing timer
1026,1,Car 2,261.467,152.033,N/A
1026,1,System,306.2,15.267,HL menu activated
1026,1,Drop,328.7,2.967,ui drop
1026,1,Car 3,423.7,118.333,N/A
1026,1,Drop,456.967,4.233,N/A
1026,1,Incomplete 4,549.033,57.5,time expired while attaching 2nd hinge piece
1026,2,Car 1,4.046,75.767,N/A
1026,2,PWI 1,5.4,0.467,N/A
1026,2,PWI 2,8.867,0.467,N/A
1026,2,PWI 3,13.933,0.533,N/A
1026,2,PWI 4,21.3,0.7,N/A
1026,2,PWI 5,28.233,0.967,N/A
1026,2,PWI 6,32.533,1.467,N/A
1026,2,PWI 7,41.267,1.467,N/A
1026,2,PWI 8,60.9,1.3,N/A
1026,2,PWI 9,69.9,0.433,N/A
1026,2,PWI 10,78.167,0.733,N/A
1026,2,PWI 11,81.667,0.733,N/A
1026,2,Car 2,82.767,75.433,N/A
1026,2,PWI 12,92.0,1.133,N/A
1026,2,PWI 13,98.733,1.0,N/A
1026,2,PWI 14,109.533,0.633,N/A
1026,2,PWI 15,120.0,0.733,N/A
1026,2,PWI 16,129.467,1.467,N/A
1026,2,PWI 17,133.267,1.3,N/A
1026,2,PWI 18,146.567,1.567,N/A
1026,2,PWI 19,159.9,0.8,N/A
1026,2,Car 3,161.2,67.467,N/A
1026,2,PWI 20,171.333,0.433,N/A
1026,2,PWI 21,187.7,0.667,N/A
1026,2,PWI 22,205.967,1.133,N/A
1026,2,Car 4,230.933,67.333,N/A
1026,2,PWI 23,234.967,0.933,N/A
1026,2,PWI 24,246.767,1.267,N/A
1026,2,PWI 25,263.267,1.167,N/A
1027,1,Car 1,4.1,206.633,N/A
1027,1,Car 2,216.067,130.0,N/A
1027,1,Car 3,350.7,109.7,N/A
1027,1,Incomplete 4,464.533,134.9,time expired
1027,2,Car 1,5.133,103.1,N/A
1027,2,Car 2,112.333,98.1,N/A
1027,2,Car 3,214.567,81.333,N/A
1027,2,Car 4,299.767,79.233,N/A
1028,1,Car 1,4.6,112.167,N/A
1028,1,Car 2,123.7,103.633,N/A
1028,1,Car 3,232.867,99.333,N/A
1028,1,Car 4,346.433,107.933,N/A
1028,1,Car 5,463.5,102.233,N/A
1028,1,Incomplete 6,576.467,24.533,"participant continues working on the car until instructed not to, adds about 2 parts"
1028,2,Car 1,9.133,103.567,N/A
1028,2,PWI 1,51.5,3.267,double-take
1028,2,PWI 2,101.5,9.1,N/A
1028,2,Car 2,118.2,97.6,N/A
1028,2,PWI 3,209.633,4.767,N/A
1028,2,Car 3,220.667,91.7,N/A
1028,2,PWI 4,308.2,3.4,N/A
1028,2,Car 4,317.767,74.967,N/A
1029,1,Car 1,8.1,147.813,N/A
1029,1,Drop 1,37.667,6.2,during C1
1029,1,Drop 2,74.967,2.2,during C1
1029,1,Drop 3,136.233,14.7,during C1
1029,1,Car 2,164.133,139.6,N/A
1029,1,Drop 4,189.9,5.367,during C2
1029,1,Drop 5,236.567,5.833,during C2
1029,1,Incomplete 3,314.267,44.6,C3 build interrupted by crash / reset with 4:13 remaining on the timer
1029,1,Car 4,495.567,95.7,N/A
1029,1,Drop 6,589.767,3.5,between cars; lost time no reduce in OEE
1029,1,Car 5,601.9,100.733,finished C5 before timer but not in time to start C6
1029,2,Car 1,4.9,69.6,N/A
1029,2,Car 2,78.267,55.467,N/A
1029,2,PWI 1,98.267,1.933,N/A
1029,2,Car 3,137.3,53.8,N/A
1029,2,Car 4,194.667,45.933,N/A
1030,1,Incomplete 1,8.8,149.8,build interrupted by HL crash and restart
1030,1,Crash,158.533,15.267,ended incomplete C1 build; lost time in trial
1030,1,Car 2,184.7,150.7,N/A
1030,1,Car 3,343.567,131.667,N/A
1030,1,Car 4,482.4,112.467,N/A
1030,1,Incomplete 5,601.967,7.933,just starting when time expired
1030,2,Car 1,4.467,172.767,N/A
1030,2,PWI 1,104.8,8.133,N/A
1030,2,PWI 2,128.867,2.4,N/A
1030,2,PWI 3,133.133,0.8,N/A
1030,2,PWI 4,140.767,0.633,N/A
1030,2,PWI 5,147.267,0.433,N/A
1030,2,PWI 6,164.833,0.7,N/A
1030,2,PWI 7,172.4,1.467,N/A
1030,2,PWI 8,175.5,0.833,N/A
1030,2,PWI 9,180.233,0.3,N/A
1030,2,Car 2,181.533,115.333,N/A
1030,2,PWI 10,188.7,0.8,N/A
1030,2,PWI 11,198.733,0.933,N/A
1030,2,PWI 12,204.333,1.4,N/A
1030,2,PWI 13,219.767,2.1,N/A
1030,2,PWI 14,257.867,1.2,N/A
1030,2,PWI 15,270.0,1.933,N/A
1030,2,PWI 16,273.4,0.933,N/A
1030,2,PWI 17,300.167,1.033,N/A
1030,2,Car 3,300.767,98.9,N/A
1030,2,PWI 18,310.8,1.267,N/A
1030,2,PWI 19,330.033,1.633,N/A
1030,2,PWI 20,336.9,2.3,N/A
1030,2,PWI 21,347.067,0.967,N/A
1030,2,PWI 22,361.033,1.067,N/A
1030,2,PWI 23,370.467,1.267,N/A
1030,2,PWI 24,401.933,0.467,N/A
1030,2,Car 4,403.633,83.067,N/A
1030,2,PWI 25,415.967,1.233,N/A
1030,2,PWI 26,431.633,1.4,N/A
1030,2,PWI 27,434.967,0.933,N/A
1030,2,PWI 28,454.567,1.2,N/A
1030,2,PWI 29,464.633,1.7,N/A
1030,2,PWI 30,484.967,0.667,N/A
1031,1,Car 1,8.433,78.533,N/A
1031,1,Car 2,91.633,55.4,N/A
1031,1,Car 3,150.033,46.0,N/A
1031,1,Car 4,198.933,51.0,minor breakage
1031,1,Car 5,252.0,60.167,N/A
1031,1,Car 6,314.433,47.1,N/A
1031,1,Breakage 7,363.967,41.433,front right quarter spontaneous disassembly
1031,1,Car 8,409.267,52.4,N/A
1031,1,Car 9,465.433,49.3,N/A
1031,1,Car 10,517.4,47.233,N/A
1031,1,Incomplete 11,567.067,35.446,3 parts short of completed when time expired
1031,2,Car 1,3.633,110.767,rebuilds top of car after close inspection and manipulation of the PWI to eliminate glare and clarify
1031,2,PWI 1,60.267,8.9,moves PWI to reduce glare
1031,2,PWI 2,90.967,2.0,N/A
1031,2,Car 2,118.533,41.633,N/A
1031,2,Car 3,162.433,48.433,N/A
1031,2,Car 4,213.0,45.133,N/A
1032,1,Car 1,6.333,173.567,N/A
1032,1,Car 2,200.533,132.5,N/A
1032,1,Car 3,349.733,113.3,N/A
1032,1,Drop,462.033,12.767,between C3 and C4 so only affects trial duration
1032,1,Incomplete 4,486.467,114.2,three parts short of complete when time expired
1032,2,Car 1,5.7,72.467,N/A
1032,2,Car 2,82.833,72.733,N/A
1032,2,Car 3,160.033,68.367,N/A
1032,2,Car 4,232.867,64.4,N/A
1033,1,Car 1,17.4,132.0,N/A
1033,1,Drop,89.167,1.233,N/A
1033,1,Car 2,157.367,113.767,N/A
1033,1,Car 3,278.4,107.4,N/A
1033,1,Drop,342.733,3.633,N/A
1033,1,Car 4,391.467,103.6,N/A
1033,1,Car 5,499.833,101.767,last piece at the buzzer
1033,1,Drop,514.867,2.767,N/A
1033,1,Drop,548.6,2.9,N/A
1033,1,Drop,601.333,0.233,N/A
1033,2,Car 1,4.7,58.533,N/A
1033,2,Car 2,4.7,128.067,N/A
1033,2,PWI 1,61.267,0.467,N/A
1033,2,Car 3,135.733,64.033,N/A
1033,2,Car 4,202.967,59.567,N/A
1034,1,Car 1,6.933,157.033,N/A
1034,1,Car 2,172.267,111.5,N/A
1034,1,Car 3,290.567,78.367,N/A
1034,1,Car 4,374.3,93.233,N/A
1034,1,Car 5,472.3,80.467,N/A
1034,1,Incomplete 6,557.467,43.2,time expired
1034,2,Car 1,6.233,73.367,N/A
1034,2,PWI 1,65.0,0.6,N/A
1034,2,Car 2,84.3,70.9,N/A
1034,2,Car 3,159.067,65.367,N/A
1034,2,Car 4,228.6,71.233,N/A
1035,1,Car 1,19.567,120.233,N/A
1035,1,Car 2,143.867,84.9,N/A
1035,1,Car 3,233.0,51.833,N/A
1035,1,Car 4,289.8,48.133,N/A
1035,1,Car 5,343.167,87.6,N/A
1035,1,System,398.9,24.767,HL menu obstructing view during C5
1035,1,System,412.167,16.867,pause timer during C5 to dismiss HL menu - subtract from C5 time
1035,1,Car 6,435.633,68.933,N/A
1035,1,Car 7,509.567,54.233,N/A
1035,1,Car 8,567.8,51.9,N/A
1035,1,Incomplete 9,623.133,8.9,time expired
1035,2,Car 1,4.467,54.9,N/A
1035,2,Car 2,63.333,49.6,N/A
1035,2,Car 3,116.867,54.867,N/A
1035,2,Car 4,175.2,52.767,N/A
1035,2,PWI,226.5,0.433,N/A
1036,1,Car 1,11.067,153.0,N/A
1036,1,Car 2,174.0,121.833,N/A
1036,1,Car 3,304.533,101.633,N/A
1036,1,Car 4,413.133,93.667,N/A
1036,1,Car 5,513.2,82.167,N/A
1036,1,Incomplete 6,602.267,1.967,time expired before first part
1036,2,Car 1,4.1,86.167,N/A
1036,2,PWI 1,85.5,4.4,N/A
1036,2,Car 2,95.167,74.167,N/A
1036,2,PWI 2,167.567,0.667,N/A
1036,2,Car 3,174.0,63.3,N/A
1036,2,Car 4,241.667,63.367,N/A
1037,1,Car 1,6.8,288.133,N/A
1037,1,Car 2,306.733,196.433,N/A
1037,1,Incomplete 3,514.067,86.2,time expired
1037,1,Drop,571.433,6.367,kept working
1037,2,Car 1,4.733,183.567,N/A
1037,2,PWI 1,22.667,5.4,N/A
1037,2,PWI 2,33.933,3.4,N/A
1037,2,PWI 3,41.6,11.5,N/A
1037,2,PWI 4,75.3,3.167,N/A
1037,2,PWI 5,90.2,0.933,N/A
1037,2,PWI 6,107.167,0.967,N/A
1037,2,PWI 7,151.067,6.267,held completed C1 up to compare
1037,2,PWI 8,161.467,5.6,N/A
1037,2,PWI 9,171.933,2.833,N/A
1037,2,PWI 10,181.167,5.133,holds up the car again for comparison
1037,2,Car 2,191.833,104.333,N/A
1037,2,PWI 11,202.333,1.4,N/A
1037,2,PWI 12,205.033,1.2,N/A
1037,2,Car 3,299.467,142.733,N/A
1037,2,PWI 13,315.9,0.767,N/A
1037,2,Car 4,445.333,119.7,N/A
1038,1,Breakage 1,3.633,98.8,did not attempt repair
1038,1,Car 2,114.9,76.333,N/A
1038,1,Car 3,196.933,75.433,N/A
1038,1,Car 4,276.0,66.267,N/A
1038,1,Car 5,347.067,63.867,N/A
1038,1,Car 6,415.133,66.1,N/A
1038,1,Car 7,485.533,73.5,N/A
1038,1,Incomplete 8,562.467,37.067,time expired
1038,2,Car 1,4.333,65.533,N/A
1038,2,PWI 1,21.6,1.067,N/A
1038,2,PWI 2,66.6,0.967,N/A
1038,2,Car 2,73.333,53.467,N/A
1038,2,Car 3,129.967,48.9,N/A
1038,2,PWI 3,181.0,0.567,N/A
1038,2,Car 4,183.367,52.0,N/A
1039,1,Car 1,6.267,170.767,less time lost to crash
1039,1,Crash 1,73.867,13.933,lost time
1039,1,Reset,87.767,5.667,resetting system; off the clock - only for clarity
1039,1,Car 2,186.0,117.033,N/A
1039,1,Car 3,311.3,102.567,N/A
1039,1,Car 4,422.167,104.033,N/A
1039,1,Drop,455.2,5.3,UI drop
1039,1,Incomplete 5,533.1,72.967,time expired
1039,2,Car 1,3.7,78.333,N/A
1039,2,Car 2,85.8,74.733,N/A
1039,2,Car 3,164.533,75.367,N/A
1039,2,Car 4,164.533,158.867,N/A
1040,1,Breakage 1,6.467,111.533,self-destructed
1040,1,Drop 1,111.167,2.667,"negligible impact, occurred just before breakage that retired the car"
1040,1,Car 2,153.833,144.833,N/A
1040,1,Drop 2,218.633,5.867,N/A
1040,1,Drop 3,255.533,7.6,N/A
1040,1,Car 3,307.033,115.767,N/A
1040,1,Drop 4,361.333,13.9,N/A
1040,1,Drop 5,429.7,2.433,did not start segment until drop affected car time
1040,1,Car 4,429.733,106.967,N/A
1040,1,Drop 6,481.533,4.933,N/A
1040,1,Incomplete 5,542.367,57.633,time expired
1040,1,Drop 7,575.3,4.567,N/A
1040,2,Car 1,4.9,148.367,N/A
1040,2,PWI 1,49.3,0.767,N/A
1040,2,PWI 2,49.533,12.9,N/A
1040,2,PWI 3,64.333,2.033,N/A
1040,2,PWI 4,73.0,1.867,N/A
1040,2,PWI,90.533,0.567,N/A
1040,2,PWI 5,97.6,1.733,N/A
1040,2,PWI 6,105.133,1.233,N/A
1040,2,PWI 7,112.867,1.0,N/A
1040,2,PWI 8,126.5,1.3,N/A
1040,2,PWI 9,138.5,7.8,N/A
1040,2,PWI 10,148.5,3.233,N/A
1040,2,PWI 11,157.0,0.567,N/A
1040,2,Car 2,157.7,82.967,N/A
1040,2,PWI 12,185.9,1.767,N/A
1040,2,PWI 13,203.467,2.3,N/A
1040,2,PWI 14,211.9,1.933,N/A
1040,2,PWI 15,221.533,3.8,N/A
1040,2,PWi 16,227.167,1.767,N/A
1040,2,Car 3,244.413,75.054,N/A
1040,2,PWI 17,308.067,1.567,N/A
1040,2,PWI 18,313.2,4.4,N/A
1040,2,Car 4,323.3,71.667,N/A
1040,2,PWI 19,389.067,1.533,N/A
1040,2,PWI 20,392.3,0.5,N/A
1041,1,Car 1,7.033,111.367,N/A
1041,1,Car 2,126.7,85.333,N/A
1041,1,Car 3,217.133,90.0,"lost time to breakage, pause and reset; set finsh time of car based on when she removed it from the fixture, plus a bit"
1041,1,Breakage,306.367,32.9,lost time between cars to fixture / axle issue
1041,1,Car 4,347.567,83.033,N/A
1041,1,Car 5,436.8,68.533,N/A
1041,1,Car 6,512.9,78.6,N/A
1041,1,Incomplete 7,597.8,20.2,time expired
1041,2,Car 1,10.0,66.133,N/A
1041,2,PWI 1,73.833,0.9,N/A
1041,2,Car 2,79.767,52.767,N/A
1041,2,PWI 2,134.867,1.033,N/A
1041,2,Car 3,137.767,53.367,N/A
1041,2,Car 4,194.233,61.5,N/A
1042,1,Car 1,5.633,90.9,N/A
1042,1,Car 2,108.5,74.367,N/A
1042,1,Car 3,188.067,65.6,N/A
1042,1,Car 4,262.833,74.7,N/A
1042,1,Car 5,344.767,65.767,N/A
1042,1,Car 6,416.2,68.067,N/A
1042,1,Car 7,489.933,54.533,N/A
1042,1,Incomplete 8,550.167,49.933,near finished when time expired; would have completed were it not for a breakage
1042,2,Car 1,4.0,45.2,smokin!
1042,2,Car 2,52.9,47.567,N/A
1042,2,Car 3,104.033,57.067,N/A
1042,2,Car 4,164.567,49.3,N/A
1043,1,Car 1,6.533,148.567,N/A
1043,1,Drop 1,141.133,2.6,N/A
1043,1,Car 2,164.833,112.2,N/A
1043,1,Drop 2,240.067,2.633,N/A
1043,1,Car 3,288.0,94.2,N/A
1043,1,Drop 3,374.4,3.967,N/A
1043,1,Car 4,392.667,103.167,N/A
1043,1,Drop 4,424.367,5.7,N/A
1043,1,Drop 5,487.133,4.833,N/A
1043,1,Car 5,506.633,94.7,completed as time expired
1043,1,Drop 6,552.233,5.367,N/A
1043,2,Car 1,4.3,117.833,N/A
1043,2,PWI 1,84.867,4.3,N/A
1043,2,PWI 2,95.567,5.633,N/A
1043,2,PWI 3,111.5,2.7,N/A
1043,2,Car 2,128.667,86.533,N/A
1043,2,PWI 4,201.767,8.633,N/A
1043,2,Car 3,223.0,77.567,N/A
1043,2,PWI 5,296.7,1.367,N/A
1043,2,PWI 6,304.433,2.233,N/A
1043,2,Car 4,308.333,73.733,N/A
1043,2,PWI 7,377.6,1.667,N/A
1044,1,Car 1,7.933,239.5,N/A
1044,1,Car 2,260.8,148.667,N/A
1044,1,Car 3,422.833,149.667,N/A
1044,1,Incomplete 4,422.833,179.2,time expired
1044,2,Car 1,5.2,105.233,N/A
1044,2,PWI 1,23.633,0.6,N/A
1044,2,PWI 2,38.233,9.833,N/A
1044,2,PWI 3,85.933,2.633,N/A
1044,2,PWI 4,93.9,1.8,N/A
1044,2,PWI 5,106.267,0.833,N/A
1044,2,Car 2,114.833,68.767,N/A
1044,2,PWI 6,177.733,2.133,N/A
1044,2,PWI 7,181.9,0.2,N/A
1044,2,PWI 8,183.333,0.233,N/A
1044,2,Car 3,188.9,76.067,N/A
1044,2,PWI 9,261.233,2.133,N/A
1044,2,Car 4,269.033,81.567,N/A
1045,1,Car 1,5.3,185.0,N/A
1045,1,Car 2,195.4,109.933,N/A
1045,1,Car 3,310.933,105.167,N/A
1045,1,Car 4,420.333,70.467,N/A
1045,1,Car 5,495.633,70.433,N/A
1045,1,Incomplete 6,570.533,31.233,time expired
1045,2,Car 1,4.733,73.0,N/A
1045,2,PWI 1,75.9,0.413,N/A
1045,2,Car 2,83.3,70.933,N/A
1045,2,Car 3,159.467,85.7,N/A
1045,2,PWI 2,242.833,1.113,N/A
1045,2,Car 4,250.6,74.467,N/A
1045,2,PWI 3,265.58,3.054,N/A
1045,2,PWI 4,284.567,0.2,N/A
1045,2,PWI 5,321.8,1.246,N/A
1046,1,Breakage 1,6.5,55.767,front right corner; car retired
1046,1,Car 2,66.7,91.133,N/A
1046,1,Breakage 3,161.733,40.167,similar to first car; retired
1046,1,Car 4,206.167,79.367,N/A
1046,1,Car 5,291.2,80.833,N/A
1046,1,Car 6,376.467,74.0,N/A
1046,1,Car 7,454.1,55.2,N/A
1046,1,Car 8,512.933,59.7,N/A
1046,1,Incomplete 9,577.2,23.133,time expired
1046,2,Car 1,4.3,66.9,N/A
1046,2,Car 2,74.833,79.167,N/A
1046,2,Car 3,158.1,68.067,N/A
1046,2,Car 4,230.2,73.3,N/A
1047,1,Car 1,6.167,173.6,N/A
1047,1,Car 2,184.167,117.833,N/A
1047,1,Breakage 3,307.9,97.913,initially put in green tray but reclassified as retired
1047,1,Car 4,410.433,95.167,N/A
1047,1,Car 5,511.333,83.667,N/A
1047,1,Car 6,511.333,83.667,at the buzzer
1047,2,Car 1,7.167,102.667,N/A
1047,2,Car 2,117.9,68.0,N/A
1047,2,Car 3,190.3,90.9,N/A
1047,2,Car 4,285.433,75.267,N/A
1048,1,Car 1,5.6,114.433,N/A
1048,1,Car 2,134.1,109.933,N/A
1048,1,Drop,224.167,13.567,N/A
1048,1,Car 3,251.333,98.9,N/A
1048,1,Car 4,358.0,111.2,N/A
1048,1,Drop,566.6,11.167,N/A
1048,1,Incomplete 5,595.667,4.267,didn't start building before time expired
1048,2,Car 1,4.3,66.8,N/A
1048,2,Car 2,75.633,60.267,N/A
1048,2,Car 3,139.9,59.567,N/A
1048,2,Car 4,203.267,56.3,N/A
1049,1,Car 1,4.533,54.633,N/A
1049,1,Car 2,63.067,47.567,N/A
1049,1,Car 3,114.967,51.367,N/A
1049,1,Car 4,170.467,50.0,N/A
1049,1,Car 5,225.667,52.6,N/A
1049,1,Car 6,283.1,50.533,N/A
1049,1,Car 7,339.167,40.3,N/A
1049,1,Car 8,384.3,44.6,N/A
1049,1,Car 9,432.733,43.467,N/A
1049,1,Car 10,481.433,38.267,unreal fast
1049,1,Car 11,523.667,44.4,N/A
1049,1,Incomplete 12,572.433,30.7,almost finished when time expired
1049,2,Car 1,4.867,34.2,N/A
1049,2,Car 2,41.967,33.5,N/A
1049,2,Car 3,79.6,36.833,N/A
1049,2,Car 4,120.133,48.533,N/A
1050,1,Car 1,5.233,138.633,N/A
1050,1,Drop 1,45.133,16.267,N/A
1050,1,Car 2,151.867,102.3,N/A
1050,1,Drop 1.5,257.867,5.867,N/A
1050,1,Car 3,260.033,92.5,N/A
1050,1,Car 4,358.367,93.233,N/A
1050,1,Drop 2,438.767,10.3,N/A
1050,1,Car 5,458.4,90.867,N/A
1050,1,Drop 3,500.833,4.733,N/A
1050,1,Incomplete 6,556.867,43.767,time expired while attaching 2x2 roof piece
1050,1,Drop 4,568.6,9.867,N/A
1050,2,Car 1,5.033,69.767,N/A
1050,2,PWI 1,13.867,0.533,N/A
1050,2,PWI 2,27.833,0.8,N/A
1050,2,PWI 3,35.833,0.633,N/A
1050,2,PWI 4,48.0,1.733,N/A
1050,2,PWI 5,52.1,2.967,N/A
1050,2,Car 2,78.233,69.3,N/A
1050,2,PWI 6,103.367,0.7,N/A
1050,2,Car 3,151.433,62.1,N/A
1050,2,PWI 7,178.433,0.867,N/A
1050,2,Car 4,217.3,62.0,N/A
1051,1,Car 1,9.946,199.254,N/A
1051,1,Car 2,218.68,117.187,N/A
1051,1,Car 3,341.646,128.587,N/A
1051,1,Car 4,475.133,111.333,N/A
1051,1,Incomplete 5,591.467,9.9,time expired early in build
1051,2,Car 1,4.067,74.767,N/A
1051,2,PWI 1,73.467,1.567,N/A
1051,2,Car 2,85.5,72.367,N/A
1051,2,Car 3,162.133,68.833,N/A
1051,2,Car 4,234.2,68.5,N/A
1052,1,Car 1,6.867,123.7,N/A
1052,1,Car 2,136.8,79.5,N/A
1052,1,Car 3,220.067,71.8,N/A
1052,1,Car 4,297.9,65.467,N/A
1052,1,Car 5,368.5,67.333,N/A
1052,1,Car 6,440.933,76.467,N/A
1052,1,Car 7,527.3,55.0,N/A
1052,1,Incomplete 8,586.6,14.7,time expired; half-hearted effort on last car
1052,2,Car 1,3.567,64.0,N/A
1052,2,Car 2,71.333,47.167,N/A
1052,2,Car 3,122.367,55.7,N/A
1052,2,Car 4,181.5,51.867,N/A
1053,1,Car 1,4.267,187.8,N/A
1053,1,Drop 1,132.2,15.0,occurred earlier but didn't impact her work; started this clip when she noticed
1053,1,Car 2,227.133,158.8,N/A
1053,1,Drop 2,297.967,10.467,N/A
1053,1,Car 3,398.767,151.533,N/A
1053,1,Drop 3,472.6,9.633,N/A
1053,1,Incomplete 4,561.0,39.067,time expired
1053,2,Car 1,5.767,243.633,places it in the green tray with parts literally falling off
1053,2,PWI 1,20.6,0.067,N/A
1053,2,PWI 2,41.3,1.033,N/A
1053,2,PWI 3,43.6,4.667,N/A
1053,2,PWI 4,50.133,0.7,N/A
1053,2,PWI 5,59.6,2.467,N/A
1053,2,PWI 6,63.367,3.4,N/A
1053,2,PWI 7,95.6,3.367,N/A
1053,2,PWI 8,112.067,2.833,N/A
1053,2,PWI 9,116.667,1.1,N/A
1053,2,PWI 10,121.3,1.5,N/A
1053,2,PWI 11,132.333,2.167,N/A
1053,2,PWI 12,138.633,7.633,N/A
1053,2,PWI 13,147.6,0.333,N/A
1053,2,PWI 14,151.533,3.333,N/A
1053,2,PWI 15,157.267,3.8,N/A
1053,2,PWI 16,162.167,1.733,N/A
1053,2,PWI 17,165.0,2.467,N/A
1053,2,PWI 18,169.767,3.0,N/A
1053,2,PWI 19,173.9,2.1,N/A
1053,2,PWI 20,177.3,2.533,N/A
1053,2,PWI 21,183.867,7.367,N/A
1053,2,PWI 22,192.5,0.233,N/A
1053,2,PWI 23,201.9,3.2,N/A
1053,2,PWI 24,211.367,1.967,N/A
1053,2,PWI 25,214.4,3.413,N/A
1053,2,PWI 26,219.1,0.667,N/A
1053,2,PWI 27,225.533,2.533,N/A
1053,2,PWI 28,229.6,0.733,N/A
1053,2,PWI 29,232.1,2.167,N/A
1053,2,PWI 30,236.567,4.667,N/A
1053,2,Car 2,255.933,121.267,N/A
1053,2,PWI 31,257.467,1.033,N/A
1053,2,PWI 32,260.433,2.8,N/A
1053,2,PWI 33,264.633,0.5,N/A
1053,2,PWI 34,266.9,1.4,N/A
1053,2,PWI 35,270.3,0.9,N/A
1053,2,PWI 36,275.267,2.933,N/A
1053,2,PWI 37,290.3,1.233,N/A
1053,2,PWI 38,292.6,1.867,N/A
1053,2,PWI 39,296.567,1.667,N/A
1053,2,PWI 40,299.333,0.233,N/A
1053,2,PWI 41,301.4,2.933,N/A
1053,2,PWI 42,305.5,2.267,N/A
1053,2,PWI 43,309.267,0.567,N/A
1053,2,PWI 44,312.1,0.867,N/A
1053,2,PWI 45,315.8,2.833,N/A
1053,2,PWI 46,319.8,0.167,N/A
1053,2,PWI 47,329.533,1.2,N/A
1053,2,PWI 48,332.933,2.133,N/A
1053,2,PWI 49,344.533,1.8,N/A
1053,2,PWI 50,348.433,4.967,N/A
1053,2,PWI 51,355.4,3.767,N/A
1053,2,PWI 52,360.267,0.233,N/A
1053,2,PWI 53,362.5,0.067,N/A
1053,2,PWI 54,364.933,0.5,N/A
1053,2,PWI 55,366.733,0.233,N/A
1053,2,PWI 56,373.3,1.433,N/A
1053,2,PWI 57,381.533,0.833,N/A
1053,2,Car 3,382.067,111.0,N/A
1053,2,PWI 58,384.233,0.767,N/A
1053,2,PWI 59,386.933,0.367,N/A
1053,2,PWI 60,388.633,1.2,N/A
1053,2,PWI 61,391.733,0.933,N/A
1053,2,PWI 62,396.233,0.633,N/A
1053,2,PWI 63,399.3,0.833,N/A
1053,2,PWI 64,401.833,1.233,N/A
1053,2,PWI 65,404.767,5.3,N/A
1053,2,PWI 66,411.133,0.7,N/A
1053,2,PWI 67,413.433,0.667,N/A
1053,2,PWI 68,415.767,0.8,N/A
1053,2,PWI 69,417.967,4.346,N/A
1053,2,PWI 70,423.7,2.2,N/A
1053,2,PWI 71,441.233,1.367,N/A
1053,2,PWI 72,444.067,0.7,N/A
1053,2,PWI 73,447.3,0.567,N/A
1053,2,PWI 74,450.533,0.8,N/A
1053,2,PWI 75,452.9,0.8,N/A
1053,2,PWI 76,454.833,1.933,N/A
1053,2,PWI 77,462.267,0.9,N/A
1053,2,PWI 78,467.1,0.967,N/A
1053,2,PWI 79,475.167,2.133,N/A
1053,2,PWI 80,479.667,2.033,N/A
1053,2,PWI 81,483.467,0.6,N/A
1053,2,Car 4,498.833,88.4,N/A
1053,2,PWI 82,499.9,1.533,N/A
1053,2,PWI 83,503.467,3.98,N/A
1053,2,PWI 84,509.667,0.967,N/A
1053,2,PWI 85,511.9,0.7,N/A
1053,2,PWI 86,514.833,0.433,N/A
1053,2,PWI 87,517.733,0.567,N/A
1053,2,PWI 88,521.267,2.367,N/A
1053,2,PWI 89,526.233,1.6,N/A
1053,2,PWI 90,535.567,1.2,N/A
1053,2,PWI 91,538.0,0.767,N/A
1053,2,PWI 92,540.267,0.4,N/A
1053,2,PWI 93,546.333,0.833,N/A
1053,2,PWI 94,552.1,0.733,N/A
1053,2,PWI 95,554.167,0.8,N/A
1053,2,PWI 96,557.6,0.1,N/A
1053,2,PWI 97,561.8,1.3,N/A
1053,2,PWI 98,573.0,0.967,N/A
1053,2,PWI 99,575.733,0.433,N/A
1053,2,PWI 100,578.5,1.3,N/A
1053,2,PWI 101,585.7,0.567,N/A
1054,1,Car 1,5.033,158.633,N/A
1054,1,Car 2,174.167,124.3,N/A
1054,1,Drop 1,234.233,10.6,N/A
1054,1,Car 3,308.633,105.833,N/A
1054,1,Drop 2,353.0,5.333,N/A
1054,1,Car 4,423.8,118.3,N/A
1054,1,Drop 3,502.867,5.067,N/A
1054,1,Incomplete 5,551.4,47.4,participant doesn't immediately stop work; observer removes one hinge piece accordingly
1054,2,Car 1,5.433,78.467,N/A
1054,2,Car 2,87.667,73.6,N/A
1054,2,Car 3,164.3,79.233,N/A
1054,2,Car 4,246.0,81.967,N/A
1055,1,Car 1,5.3,130.9,N/A
1055,1,Drop 1,143.867,2.9,N/A
1055,1,Car 2,145.2,111.0,N/A
1055,1,Drop 2,176.0,2.333,N/A
1055,1,Drop 3,248.533,4.9,N/A
1055,1,Car 3,262.367,110.5,less time lost to drop / crash / reset
1055,1,Drop 4,307.1,18.48,N/A
1055,1,Reset,325.567,7.5,time to reset and resume trial - not lost to car 3
1055,1,Car 4,379.833,90.7,N/A
1055,1,Drop 5,433.567,4.867,N/A
1055,1,Car 5,475.5,77.4,N/A
1055,1,Incomplete 6,562.367,44.167,time expired
1055,1,Drop 6,586.467,1.467,N/A
1055,2,Car 1,4.233,72.4,N/A
1055,2,Car 2,80.533,63.733,N/A
1055,2,Car 3,147.7,58.033,N/A
1055,2,Car 4,209.133,54.033,N/A
1056,1,Breakage 1,7.867,57.567,front cross member
1056,1,Car 2,69.567,90.5,N/A
1056,1,Car 3,164.967,74.2,N/A
1056,1,Car 4,243.767,58.2,N/A
1056,1,Car 5,309.167,57.633,N/A
1056,1,Car 6,370.267,62.7,N/A
1056,1,Car 7,437.367,52.867,N/A
1056,1,Car 8,494.433,57.267,N/A
1056,1,Incomplete 9,556.333,46.7,time expired
1056,2,Car 1,4.233,66.267,N/A
1056,2,PWI 1,67.267,1.033,N/A
1056,2,Car 2,74.6,58.7,N/A
1056,2,Car 3,137.367,60.4,N/A
1056,2,Car 4,201.867,61.467,N/A
1057,1,Car 1,4.933,156.133,N/A
1057,1,Car 2,169.9,88.767,N/A
1057,1,Car 3,264.133,109.167,N/A
1057,1,System,336.433,9.633,time lost during car 3 to dismiss HL menu
1057,1,Car 4,378.967,92.367,N/A
1057,1,Car 5,478.6,93.7,N/A
1057,1,Incomplete 6,579.633,20.967,time expired
1057,2,Car 1,7.367,70.267,N/A
1057,2,System,19.933,5.1,user dismisses HL menu
1057,2,Car 2,83.5,70.5,N/A
1057,2,Car 3,158.4,60.967,N/A
1057,2,System,167.1,1.333,user dismisses HL menu
1057,2,Car 4,224.433,58.4,N/A
1058,1,Breakage 1,7.533,105.333,N/A
1058,1,Car 2,121.967,101.567,"piece (black fender, right side) fell off while placing in tray; observer collected"
1058,1,Car 3,231.0,73.0,N/A
1058,1,Car 4,308.7,68.267,N/A
1058,1,Car 5,383.433,78.033,N/A
1058,1,Car 6,467.0,86.7,N/A
1058,1,Incomplete 7,559.567,46.267,time expired - no alarm
1058,2,Car 1,4.9,61.733,N/A
1058,2,Car 2,70.333,54.033,N/A
1058,2,Car 3,128.233,59.5,N/A
1058,2,Car 4,192.333,59.533,N/A
1059,1,Car 1,3.5,139.6,N/A
1059,1,Drop,37.667,4.033,N/A
1059,1,Car 2,149.2,76.5,N/A
1059,1,Car 3,232.133,84.733,N/A
1059,1,Car 4,320.9,88.533,N/A
1059,1,Drop,347.667,1.333,N/A
1059,1,Car 5,415.767,99.8,N/A
1059,1,Drop,430.733,8.3,N/A
1059,1,Drop,468.633,10.967,N/A
1059,1,Incomplete 6,522.367,76.733,time expired - tried to finish during a UI drop
1059,1,Drop,582.867,16.2,stayed down until buzzer
1059,2,Car 1,0.667,60.433,N/A
1059,2,PWI 1,59.467,0.633,N/A
1059,2,Car 2,63.667,48.867,N/A
1059,2,Car 3,115.1,50.833,N/A
1059,2,Car 4,168.267,51.633,N/A
1060,1,Car 1,4.4,212.7,N/A
1060,1,Car 2,229.5,126.733,N/A
1060,1,Car 3,363.967,96.4,N/A
1060,1,Breakage 4,466.5,91.433,not repariable
1060,1,Repair,570.633,13.5,clock stopped to reset HL training for next car after breakage
1060,1,Incomplete 5,586.567,27.2,time for reset after breakage did not reduce trial time
1060,2,Car 1,4.267,88.467,N/A
1060,2,Car 2,97.067,68.367,N/A
1060,2,Car 3,168.7,65.967,N/A
1060,2,Car 4,237.733,73.333,N/A
1061,1,Car 1,5.033,192.567,N/A
1061,1,Car 2,205.3,133.633,N/A
1061,1,Car 3,347.033,123.833,N/A
1061,1,Reset,472.867,21.667,paused timer to correct axle issue
1061,1,Car 4,504.667,109.633,"finished just before time expired, car 5 not started"
1061,2,Car 1,4.333,79.5,N/A
1061,2,PWI 1,18.767,0.4,N/A
1061,2,Car 2,88.067,67.233,N/A
1061,2,Car 3,159.933,73.333,N/A
1061,2,Car 4,237.167,64.5,N/A
1062,1,Car 1,4.367,102.333,N/A
1062,1,Car 2,110.767,62.2,N/A
1062,1,Car 3,176.867,77.9,N/A
1062,1,Car 4,258.967,62.0,N/A
1062,1,Car 5,325.5,57.667,N/A
1062,1,Car 6,386.5,59.167,N/A
1062,1,Car 7,449.533,52.867,N/A
1062,1,Car 8,506.667,52.267,N/A
1062,1,Incomplete 9,562.4,37.2,time expired
1062,2,Car 1,4.7,54.433,N/A
1062,2,Car 2,62.6,51.3,N/A
1062,2,Car 3,117.433,54.9,N/A
1062,2,PWI,170.5,0.967,N/A
1062,2,Car 4,176.333,54.1,N/A
1063,1,Car 1,9.2,355.333,N/A
1063,1,Drop,37.0,4.5,N/A
1063,1,Drop,92.733,8.333,N/A
1063,1,Drop,131.533,27.0,N/A
1063,1,Breakage,197.733,52.233,lengthy repair of incorrect fix to front cross member pop
1063,1,Drop,226.933,41.233,N/A
1063,1,Drop,313.333,2.867,N/A
1063,1,Car 2,376.667,233.767,finished at the buzzer
1063,1,Drop,381.633,4.433,N/A
1063,1,Drop,423.533,3.667,N/A
1063,1,Drop,457.4,3.033,N/A
1063,1,Drop,484.533,1.033,N/A
1063,1,Crash,494.967,15.633,lost time during car 2
1063,1,Reset,510.567,7.233,timer paused and video jump during reset after crash
1063,1,Drop,541.9,9.933,N/A
1063,1,Drop,583.433,14.2,N/A
1063,2,Car 1,6.433,119.433,N/A
1063,2,PWI,118.067,5.0,N/A
1063,2,Car 2,131.5,93.2,N/A
1063,2,Car 3,131.5,187.867,N/A
1063,2,Car 4,324.433,79.9,N/A
1064,1,Car 1,18.133,95.767,N/A
1064,1,Car 2,119.1,76.7,N/A
1064,1,Car 3,199.633,65.433,N/A
1064,1,Car 4,269.533,74.1,recovered from breakage
1064,1,Car 5,347.833,63.4,N/A
1064,1,Car 6,415.8,64.8,N/A
1064,1,Car 7,484.767,54.5,N/A
1064,1,Car 8,543.1,49.433,N/A
1064,1,Incomplete 9,597.533,13.867,time expired
1064,2,Car 1,9.8,71.9,N/A
1064,2,PWI,77.9,1.9,N/A
1064,2,Car 2,86.133,58.9,N/A
1064,2,Car 3,149.867,60.133,N/A
1064,2,Car 4,214.467,53.7,N/A
